old,new
2mpower health management services,2mpower Health Management Services
Absolutdata Research & Analytics Solutions Pvt Ltd ,Absolutdata Research & Analytics Solutions Pvt Ltd
ADD TECHNOLOGIES INDIA LIMITED,ADD Technologies (India) Ltd
Appknox,Appknox (XYSec Labs Pte. Ltd.)
Applane,Applane Solutions Pvt. Ltd
Appointy,Appointy Global Pte Ltd
Asteor software,Asteor Software Private Limited
Avekshaa Technologies Pvt Ltd,Avekshaa Technologies Pvt. Ltd.
Bhairav InfoBiz,Bhairav Infobiz pvt ltd (Emerge Startup)
BizAcuity Solutions,BizAcuity Solutions Private Limited
Cavintek Software Pvt Ltd,Cavintek Software Private Limited
CICOM Pvt Ltd,CI.COM PVT LTD
CogniCor,Cognicor Technologies
Coresonant Systems Private Limited,Coresonant Systems Pvt Ltd
Crane global solutions Ltd,Crane Global Solutions Limited
Data Resolve Technologies,Data Resolve Technologies Pvt. Ltd.
DineDesk,Dinedesk Hospitality Solutions Pvt Ltd
eAbyas Solutions,eAbyas Info Solutions
eMart Solutions,eMart Solutions India Pvt Ltd
Enlightiks Business Solutions Private Limited,Enlightiks
Entit Consultancy Services Pvt Ltd,Entit Consultancy Services Private Limited
Entlogic,Entlogics
Foradian Technologies,Foradian Technologies Pvt. Ltd.
Fractal Analytics,Fractal Analytics Inc.
FSS,FSS (Financial Software and Systems (P) Ltd
Gamut infosystems Ltd,Gamut Infosystems Limited
iCubesWire - Affiliate Ad Network,iCubesWire
IDS NEXT Business Solutions Pvt Ltd,middlepath Technology Solutions Pvt Ltd
Indus net,Indus Net Technologies Pvt. Ltd.
InnovAccer,InnovAccer Inc
Invitereferrals.com,InviteReferrals
IPSATOR ANALYTICS Pvt Ltd,Ipsator Analytics Private Limited
Lepton Software export & research,Lepton Software Export and Research Pvt Ltd
Lexplosion Solutions Pvt Ltd,Lexplosion Solutions Private Limited
LinkSmart Technologies,LinkSmart Technologies Pvt Ltd
MarketXpander,MarketXpander Services Pvt Ltd
MartMobi,MartMobi Technologies Inc
Max Mobility Pvt Ltd,Max Mobility Private Limited
Miles Software Solutions (P) Ltd.,Miles Software Solutions Pvt. Ltd.
MoveInSync Technology Solutions Pvt Ltd,MoveInSync Technology Solutions Private Limited
NamasteDoc ,NamasteDoc
Navigators Software Pvt Ltd,Navigators Software Pvt. Ltd
Navrita Software Pvt Ltd,Navrita Software Private Limited
Net Vigil Software Pvt Ltd,Net Vigil Software Private Limited
New Age Software and Solutions India Pvt Ltd,"NewAge Software and Solutions India Pvt Ltd.,"
Niche software solutions pvt ltd,Niche Software Solutions Pvt. Ltd.
Observe Design,"





Observe Design"
onbline trainings expert,online trainings expert
Profoundis Labs Pvt Ltd ,Profoundis Labs Pvt Ltd
Ramyam Intelligence Lab,Ramyam Intelligence Lab Pvt Ltd
Retigence Software,Retigence Software LLP
Sapience Analytics,Sapience Analytics Pvt Ltd
Senseforth Technologies Pvt Ltd,Senseforth Technologies Private Limited
Simplilearn,Simplilearn Solutions
"Smartswitch
(Pert info Consulting Pvt Ltd)","Smartswitch
(Pert info Consulting Pvt Ltd)"
Uniken,Uniken Inc.
Uniphore Software Solutions Pvt Ltd,Uniphore Software Systems
uTrade,uTrade Solutions Private Limited
Vinculum Solutions Pvt Ltd,Vinculum Solutions Private Limited
Vitamap Software Solutions,Vitamap Software Solutions Pvt Ltd
Voice of big data,Voice of Big Data Pvt. Ltd.
Vsoft Technologies  Pvt Ltd,Vsoft Technologies Pvt Ltd
Wegilant,Wegilant Net Solutions Pvt Ltd
WRENCH Solutions Pvt Ltd,Wrench Solutions (P) LTD
